{
  "project_info": {
    "project_number": "1082073462678",
    "firebase_url": "https://firsttry-87e5f.firebaseio.com",
    "project_id": "firsttry-87e5f",
    "storage_bucket": "firsttry-87e5f.appspot.com"
  },
  "client": [
    {
      "client_info": {
        "mobilesdk_app_id": "1:1082073462678:android:0c622ea0c1fda39d1f8fb7",
        "android_client_info": {
          "package_name": "com.shubham.signuppage"
        }
      },
      "oauth_client": [
        {
          "client_id": "1082073462678-oflq65cl1gisaeklcerputrdko00185p.apps.googleusercontent.com",
          "client_type": 1,
          "android_info": {
            "package_name": "com.shubham.signuppage",
            "certificate_hash": "554a058afe319a9ceaba7fb14e7a51abcee29df8"
          }
        },
        {
          "client_id": "1082073462678-nifm7k6d3f0s2t3a6cncuu40ah5dfdvq.apps.googleusercontent.com",
          "client_type": 3
        }
      ],
      "api_key": [
        {
          "current_key": "AIzaSyCyAztkmTaHHSke-tZ6u4dMWe2nw3fov08"
        }
      ],
      "services": {
        "appinvite_service": {
          "other_platform_oauth_client": [
            {
              "client_id": "1082073462678-nifm7k6d3f0s2t3a6cncuu40ah5dfdvq.apps.googleusercontent.com",
              "client_type": 3
            }
          ]
        }
      }
    }
  ],
  "configuration_version": "1"
}